{
  "01_CreateAccount" : {
    "transaction" : "01_CreateAccount",
    "sampleCount" : 8654,
    "errorCount" : 0,
    "errorPct" : 0.0,
    "meanResTime" : 223.61925121331166,
    "medianResTime" : 217.0,
    "minResTime" : 207.0,
    "maxResTime" : 8254.0,
    "pct1ResTime" : 231.0,
    "pct2ResTime" : 250.0,
    "pct3ResTime" : 315.0,
    "throughput" : 2.4042000992350676,
    "receivedKBytesPerSec" : 0.4226132986936642,
    "sentKBytesPerSec" : 0.7510146408882372
  },
  "03_Deposit" : {
    "transaction" : "03_Deposit",
    "sampleCount" : 35840,
    "errorCount" : 0,
    "errorPct" : 0.0,
    "meanResTime" : 112.99042968749997,
    "medianResTime" : 109.0,
    "minResTime" : 103.0,
    "maxResTime" : 4439.0,
    "pct1ResTime" : 120.0,
    "pct2ResTime" : 131.0,
    "pct3ResTime" : 180.0,
    "throughput" : 9.959738645786786,
    "receivedKBytesPerSec" : 1.7021037724733277,
    "sentKBytesPerSec" : 3.298207349951563
  },
  "04_Withdraw" : {
    "transaction" : "04_Withdraw",
    "sampleCount" : 35839,
    "errorCount" : 0,
    "errorPct" : 0.0,
    "meanResTime" : 112.87357348140215,
    "medianResTime" : 109.0,
    "minResTime" : 103.0,
    "maxResTime" : 4507.0,
    "pct1ResTime" : 120.0,
    "pct2ResTime" : 133.0,
    "pct3ResTime" : 182.0,
    "throughput" : 9.960036461865114,
    "receivedKBytesPerSec" : 1.702154668775776,
    "sentKBytesPerSec" : 3.3274855234653775
  },
  "Total" : {
    "transaction" : "Total",
    "sampleCount" : 152013,
    "errorCount" : 0,
    "errorPct" : 0.0,
    "meanResTime" : 144.75425785952447,
    "medianResTime" : 113.0,
    "minResTime" : 102.0,
    "maxResTime" : 8254.0,
    "pct1ResTime" : 224.0,
    "pct2ResTime" : 240.0,
    "pct3ResTime" : 306.9900000000016,
    "throughput" : 42.22610311121432,
    "receivedKBytesPerSec" : 7.334939711507185,
    "sentKBytesPerSec" : 13.170251786504469
  },
  "02_SetInitialBalance" : {
    "transaction" : "02_SetInitialBalance",
    "sampleCount" : 35844,
    "errorCount" : 0,
    "errorPct" : 0.0,
    "meanResTime" : 222.9900122754154,
    "medianResTime" : 218.0,
    "minResTime" : 206.0,
    "maxResTime" : 5461.0,
    "pct1ResTime" : 237.0,
    "pct2ResTime" : 258.0,
    "pct3ResTime" : 331.0,
    "throughput" : 9.956730279110117,
    "receivedKBytesPerSec" : 1.7015896473088579,
    "sentKBytesPerSec" : 3.3944447010529513
  },
  "05_GetAccountBalance" : {
    "transaction" : "05_GetAccountBalance",
    "sampleCount" : 35836,
    "errorCount" : 0,
    "errorPct" : 0.0,
    "meanResTime" : 111.10673624288479,
    "medianResTime" : 108.0,
    "minResTime" : 102.0,
    "maxResTime" : 4509.0,
    "pct1ResTime" : 118.0,
    "pct2ResTime" : 130.0,
    "pct3ResTime" : 180.0,
    "throughput" : 9.959963924452579,
    "receivedKBytesPerSec" : 1.8090276764484763,
    "sentKBytesPerSec" : 2.4034412820437994
  }
}